Year,Make,Model,Description
1997,Ford,E350,A very fast car
2000,Mercury,Cougar,A slow, but very nice car
Year,Make,Model,Description
1997,Ford,E350,A very fast car
2000,Mercury,Cougar,A slow, but very nice car
Year,Make,Model,Description
1997,Ford,E350,A very fast car
2000,Mercury,Cougar,A slow, but very nice car
Year,Make,Model,Description
1997,Ford,E350,A very fast car
2000,Mercury,Cougar,A slow, but very nice car
Year,Make,Model,Description
1997,Ford,E350,A very fast car
2000,Mercury,Cougar,A slow, but very nice car
Year,Make,Model,Description
1997,Ford,E350,A very fast car
2000,Mercury,Cougar,A slow, but very nice car
Year,Make,Model,Description
1997,Ford,E350,A very fast car
2000,Mercury,Cougar,A slow, but very nice car
Year,Make,Model,Description
1997,Ford,E350,A very fast car
2000,Mercury,Cougar,A slow, but very nice car
Year,Make,Model,Description
1997,Ford,E350,A very fast car
2000,Mercury,Cougar,A slow, but very nice car
Year,Make,Model,Description
1997,Ford,E350,A very fast car
2000,Mercury,Cougar,A slow, but very nice car
Year,Make,Model,Description
1997,Ford,E350,A very fast car
2000,Mercury,Cougar,A slow, but very nice car
Year,Make,Model,Description
1997,Ford,E350,A very fast car
2000,Mercury,Cougar,A slow, but very nice car
Year,Make,Model,Description
1997,Ford,E350,A very fast car
2000,Mercury,Cougar,A slow, but very nice car
Year,Make,Model,Description
1997,Ford,E350,A very fast car
2000,Mercury,Cougar,A slow, but very nice car
Year,Make,Model,Description
1997,Ford,E350,A very fast car
2000,Mercury,Cougar,A slow, but very nice car
Year,Make,Model,Description
1997,Ford,E350,A very fast car
2000,Mercury,Cougar,A slow, but very nice car
Year,Make,Model,Description
1997,Ford,E350,A very fast car
2000,Mercury,Cougar,A slow, but very nice car
Year,Make,Model,Description
1997,Ford,E350,A very fast car
2000,Mercury,Cougar,A slow, but very nice car
Year,Make,Model,Description
1997,Ford,E350,A very fast car
2000,Mercury,Cougar,A slow, but very nice car
Year,Make,Model,Description
1997,Ford,E350,A very fast car
2000,Mercury,Cougar,A slow, but very nice car
Year,Make,Model,Description
1997,Ford,E350,A very fast car
2000,Mercury,Cougar,A slow, but very nice car
Year,Make,Model,Description
1997,Ford,E350,A very fast car
2000,Mercury,Cougar,A slow, but very nice car
Year,Make,Model,Description
1997,Ford,E350,A very fast car
2000,Mercury,Cougar,A slow, but very nice car
Year,Make,Model,Description
1997,Ford,E350,A very fast car
2000,Mercury,Cougar,A slow, but very nice car
Year,Make,Model,Description
1997,Ford,E350,A very fast car
2000,Mercury,Cougar,A slow, but very nice car
Year,Make,Model,Description
1997,Ford,E350,A very fast car
2000,Mercury,Cougar,A slow, but very nice car
Year,Make,Model,Description
1997,Ford,E350,A very fast car
2000,Mercury,Cougar,A slow, but very nice car
Year,Make,Model,Description
1997,Ford,E350,A very fast car
2000,Mercury,Cougar,A slow, but very nice carYear,Make,Model,Description
1997,Ford,E350,A very fast car
2000,Mercury,Cougar,A slow, but very nice car
Year,Make,Model,Description
1997,Ford,E350,A very fast car
2000,Mercury,Cougar,A slow, but very nice car
Year,Make,Model,Description
1997,Ford,E350,A very fast car
2000,Mercury,Cougar,A slow, but very nice car
Year,Make,Model,Description
1997,Ford,E350,A very fast car
2000,Mercury,Cougar,A slow, but very nice car
Year,Make,Model,Description
1997,Ford,E350,A very fast car
2000,Mercury,Cougar,A slow, but very nice car
Year,Make,Model,Description
1997,Ford,E350,A very fast car
2000,Mercury,Cougar,A slow, but very nice car
Year,Make,Model,Description
1997,Ford,E350,A very fast car
2000,Mercury,Cougar,A slow, but very nice car